<?xml version="1.0" encoding="UTF-8" standalone="no"?>
<menu-config xmlns="http://jmix.io/schema/ui/menu">

    <menu id="application" caption="msg://com.company.jmixuniversity/menu.application" insertBefore="administration">
        <item screen="User.browse" caption="msg://com.company.jmixuniversity.screen.user/UserBrowse.caption"/>
        <item screen="themeSettingsScreen" caption="msg://io.jmix.ui.app.themesettings/themeSettings.caption"/>
        <item screen="Course.browse" caption="msg://com.company.jmixuniversity.screen.course/courseBrowse.menu"/>
        <item screen="Student.browse" caption="msg://com.company.jmixuniversity.screen.student/studentBrowse.menu"/>
        <item screen="Subject.browse" caption="msg://com.company.jmixuniversity.screen.subject/subjectBrowse.menu"/>
        <item screen="Teacher.browse" caption="msg://com.company.jmixuniversity.screen.teacher/teacherBrowse.menu"/>
        <item screen="Group_.browse" caption="msg://com.company.jmixuniversity.screen.group/groupBrowse.menu"/>
        <item screen="OnlineMeeting.browse"
              caption="msg://com.company.jmixuniversity.screen.onlinemeeting/onlineMeetingBrowse.menu"/>
    </menu>

</menu-config>