<?xml version="1.0" encoding="UTF-8"?>
<databaseChangeLog
        xmlns="http://www.liquibase.org/xml/ns/dbchangelog"
        xmlns:xsi="http://www.w3.org/2001/XMLSchema-instance"
        xsi:schemaLocation="http://www.liquibase.org/xml/ns/dbchangelog
                      http://www.liquibase.org/xml/ns/dbchangelog/dbchangelog-4.5.xsd"
        objectQuotingStrategy="QUOTE_ONLY_RESERVED_WORDS">
    <changeSet id="1" author="jmix-University">
        <createTable tableName="ONLINE_MEETING_GROUP_LINK">
            <column name="GROUP_ID" type="UUID">
                <constraints nullable="false" primaryKey="true" primaryKeyName="PK_ONLINE_MEETING_GROUP_LINK"/>
            </column>
            <column name="ONLINE_MEETING_ID" type="UUID">
                <constraints nullable="false" primaryKey="true" primaryKeyName="PK_ONLINE_MEETING_GROUP_LINK"/>
            </column>
        </createTable>
    </changeSet>
    <changeSet id="2" author="jmix-University">
        <createTable tableName="ONLINE_MEETING_TEACHER_LINK">
            <column name="ONLINE_MEETING_ID" type="UUID">
                <constraints nullable="false" primaryKey="true" primaryKeyName="PK_ONLINE_MEETING_TEACHER_LINK"/>
            </column>
            <column name="TEACHER_ID" type="UUID">
                <constraints nullable="false" primaryKey="true" primaryKeyName="PK_ONLINE_MEETING_TEACHER_LINK"/>
            </column>
        </createTable>
    </changeSet>
    <changeSet id="3" author="jmix-University">
        <addColumn tableName="ONLINE_MEETING">
            <column name="COURSE_ID" type="UUID"/>
        </addColumn>
    </changeSet>
    <changeSet id="4" author="jmix-University">
        <createIndex indexName="IDX_ONLINEMEETING_COURSE_ID" tableName="ONLINE_MEETING">
            <column name="COURSE_ID"/>
        </createIndex>

        <addForeignKeyConstraint baseColumnNames="COURSE_ID" baseTableName="ONLINE_MEETING"
                                 constraintName="FK_ONLINE_MEETING_ON_COURSE" referencedColumnNames="ID"
                                 referencedTableName="COURSE"/>
    </changeSet>
    <changeSet id="5" author="jmix-University">
        <addForeignKeyConstraint baseColumnNames="GROUP_ID" baseTableName="ONLINE_MEETING_GROUP_LINK"
                                 constraintName="FK_ONLMEEGRO_ON_GROUP" referencedColumnNames="ID"
                                 referencedTableName="GROUP_"/>
    </changeSet>
    <changeSet id="6" author="jmix-University">
        <addForeignKeyConstraint baseColumnNames="ONLINE_MEETING_ID" baseTableName="ONLINE_MEETING_GROUP_LINK"
                                 constraintName="FK_ONLMEEGRO_ON_ONLINE_MEETING" referencedColumnNames="ID"
                                 referencedTableName="ONLINE_MEETING"/>
    </changeSet>
    <changeSet id="7" author="jmix-University">
        <addForeignKeyConstraint baseColumnNames="ONLINE_MEETING_ID" baseTableName="ONLINE_MEETING_TEACHER_LINK"
                                 constraintName="FK_ONLMEETEA_ON_ONLINE_MEETING" referencedColumnNames="ID"
                                 referencedTableName="ONLINE_MEETING"/>
    </changeSet>
    <changeSet id="8" author="jmix-University">
        <addForeignKeyConstraint baseColumnNames="TEACHER_ID" baseTableName="ONLINE_MEETING_TEACHER_LINK"
                                 constraintName="FK_ONLMEETEA_ON_TEACHER" referencedColumnNames="ID"
                                 referencedTableName="USER_"/>
    </changeSet>
</databaseChangeLog>