<?xml version="1.0" encoding="UTF-8"?>
<databaseChangeLog
        xmlns="http://www.liquibase.org/xml/ns/dbchangelog"
        xmlns:xsi="http://www.w3.org/2001/XMLSchema-instance"
        xsi:schemaLocation="http://www.liquibase.org/xml/ns/dbchangelog
                      http://www.liquibase.org/xml/ns/dbchangelog/dbchangelog-4.5.xsd"
        objectQuotingStrategy="QUOTE_ONLY_RESERVED_WORDS">
    <changeSet id="1" author="jmix-University">
        <createTable tableName="COURSE">
            <column name="ID" type="UUID">
                <constraints nullable="false" primaryKey="true" primaryKeyName="PK_COURSE"/>
            </column>
            <column name="HOURS" type="INT"/>
            <column name="GROUP_ID" type="UUID"/>
            <column name="TEACHER_ID" type="UUID"/>
            <column name="SUBJECT_ID" type="UUID"/>
        </createTable>
    </changeSet>
    <changeSet id="2" author="jmix-University">
        <createTable tableName="GROUP_">
            <column name="ID" type="UUID">
                <constraints nullable="false" primaryKey="true" primaryKeyName="PK_GROUP_"/>
            </column>
            <column name="STUDY_YEAR" type="INT"/>
            <column name="NUMBER_" type="VARCHAR(255)"/>
        </createTable>
    </changeSet>
    <changeSet id="3" author="jmix-University">
        <createTable tableName="ONLINE_MEETING">
            <column name="ID" type="UUID">
                <constraints nullable="false" primaryKey="true" primaryKeyName="PK_ONLINE_MEETING"/>
            </column>
            <column name="NAME" type="VARCHAR(255)"/>
            <column name="START_" type="DATETIME"/>
            <column name="LINK" type="VARCHAR(255)"/>
            <column name="ORGANIZER_ID" type="UUID"/>
        </createTable>
    </changeSet>
    <changeSet id="4" author="jmix-University">
        <createTable tableName="SUBJECT">
            <column name="ID" type="UUID">
                <constraints nullable="false" primaryKey="true" primaryKeyName="PK_SUBJECT"/>
            </column>
            <column name="NAME" type="VARCHAR(255)"/>
            <column name="DESCRIPTION" type="VARCHAR(255)"/>
        </createTable>
    </changeSet>
    <changeSet id="5" author="jmix-University">
        <addColumn tableName="USER_">
            <column name="DTYPE" type="VARCHAR(31)"/>
        </addColumn>

        <update tableName="USER_">
            <column name="DTYPE" value="User"/>
            <where>DTYPE is null</where>
        </update>
    </changeSet>
    <changeSet id="6" author="jmix-University">
        <addColumn tableName="USER_">
            <column name="GROUP_ID" type="UUID"/>
        </addColumn>
    </changeSet>
    <changeSet id="7" author="jmix-University">
        <addUniqueConstraint columnNames="NUMBER_" constraintName="UC_GROUP__NUMBER_" tableName="GROUP_"/>
    </changeSet>
    <changeSet id="8" author="jmix-University">
        <createIndex indexName="IDX_COURSE_GROUP_ID" tableName="COURSE">
            <column name="GROUP_ID"/>
        </createIndex>

        <addForeignKeyConstraint baseColumnNames="GROUP_ID" baseTableName="COURSE" constraintName="FK_COURSE_ON_GROUP"
                                 referencedColumnNames="ID" referencedTableName="GROUP_"/>
    </changeSet>
    <changeSet id="9" author="jmix-University">
        <createIndex indexName="IDX_COURSE_SUBJECT_ID" tableName="COURSE">
            <column name="SUBJECT_ID"/>
        </createIndex>

        <addForeignKeyConstraint baseColumnNames="SUBJECT_ID" baseTableName="COURSE"
                                 constraintName="FK_COURSE_ON_SUBJECT" referencedColumnNames="ID"
                                 referencedTableName="SUBJECT"/>
    </changeSet>
    <changeSet id="10" author="jmix-University">
        <createIndex indexName="IDX_COURSE_TEACHER_ID" tableName="COURSE">
            <column name="TEACHER_ID"/>
        </createIndex>

        <addForeignKeyConstraint baseColumnNames="TEACHER_ID" baseTableName="COURSE"
                                 constraintName="FK_COURSE_ON_TEACHER" referencedColumnNames="ID"
                                 referencedTableName="USER_"/>
    </changeSet>
    <changeSet id="11" author="jmix-University">
        <createIndex indexName="IDX_ONLINEMEETING" tableName="ONLINE_MEETING">
            <column name="ORGANIZER_ID"/>
        </createIndex>

        <addForeignKeyConstraint baseColumnNames="ORGANIZER_ID" baseTableName="ONLINE_MEETING"
                                 constraintName="FK_ONLINE_MEETING_ON_ORGANIZER" referencedColumnNames="ID"
                                 referencedTableName="USER_"/>
    </changeSet>
    <changeSet id="12" author="jmix-University">
        <createIndex indexName="IDX_STUDENT_GROUP_ID" tableName="USER_">
            <column name="GROUP_ID"/>
        </createIndex>

        <addForeignKeyConstraint baseColumnNames="GROUP_ID" baseTableName="USER_" constraintName="FK_USER__ON_GROUP"
                                 referencedColumnNames="ID" referencedTableName="GROUP_"/>
    </changeSet>
</databaseChangeLog>