<?xml version="1.0" encoding="UTF-8" standalone="no"?>
<window xmlns="http://schemas.haulmont.com/cuba/screen/window.xsd"
        caption="msg://studentEdit.caption"
        focusComponent="form"
        messagesPack="com.company.teachingstudents.web.screens.student">
    <data>
        <instance id="studentDc"
                  class="com.company.teachingstudents.entity.Student">
            <view extends="_local"/>
            <loader/>
        </instance>
    </data>
    <dialogMode height="600"
                width="800"/>
    <layout expand="editActions" spacing="true">
        <form id="form" dataContainer="studentDc">
            <column width="350px">
                <textField id="nameField" property="name"/>
                <textField id="groupField" property="group"/>
                <textField id="phoneNumberField" property="phoneNumber"/>
                <textField id="emailAddressField" property="emailAddress"/>
                <textField id="averageMarkField" property="averageMark"/>
            </column>
        </form>
        <hbox id="editActions" spacing="true">
            <button id="commitAndCloseBtn" action="windowCommitAndClose"/>
            <button id="closeBtn" action="windowClose"/>
        </hbox>
    </layout>
</window>
