<?xml version="1.0" encoding="UTF-8" standalone="no"?>
<window xmlns="http://schemas.haulmont.com/cuba/screen/window.xsd"
        xmlns:c="http://schemas.haulmont.com/cuba/screen/jpql_condition.xsd"
        caption="msg://taskBrowse.caption"
        focusComponent="tasksTable"
        messagesPack="com.company.teachingstudents.web.screens.task">
    <data readOnly="true">
        <collection id="tasksDc"
                    class="com.company.teachingstudents.entity.Task">
            <view extends="_local">
                <property name="universityTeacher" view="_minimal"/>
            </view>
            <loader id="tasksDl">
                <query>
                    <![CDATA[select e from teachingstudents_Task e]]>
                </query>
            </loader>
        </collection>
    </data>
    <dialogMode height="600"
                width="800"/>
    <layout expand="tasksTable"
            spacing="true">
        <filter id="filter"
                applyTo="tasksTable"
                dataLoader="tasksDl">
            <properties include=".*"/>
        </filter>
        <groupTable id="tasksTable"
                    width="100%"
                    dataContainer="tasksDc">
            <actions>
                <action id="create" type="create"/>
                <action id="edit" type="edit"/>
                <action id="remove" type="remove"/>
                <action id="add" type="add"/>
            </actions>
            <columns>
                <column id="name"/>
                <column id="description"/>
                <column id="universityTeacher"/>
                <column id="group"/>
                <column id="idtask"/>
            </columns>
            <rowsCount/>
            <buttonsPanel id="buttonsPanel"
                          alwaysVisible="true">
                <button id="createBtn" action="tasksTable.create"/>
                <button id="editBtn" action="tasksTable.edit"/>
                <button id="removeBtn" action="tasksTable.remove"/>
                <button id="addBtn" action="tasksTable.add"/>
            </buttonsPanel>
        </groupTable>
        <hbox id="lookupActions" spacing="true" visible="false">
            <button action="lookupSelectAction"/>
            <button action="lookupCancelAction"/>
        </hbox>
    </layout>
</window>
