<?xml version="1.0" encoding="UTF-8" standalone="no"?>
<window xmlns="http://schemas.haulmont.com/cuba/screen/window.xsd"
        caption="msg://gradeSheetEdit.caption"
        focusComponent="form"
        messagesPack="com.company.teachingstudents.web.screens.gradesheet">
    <data>
        <instance id="gradeSheetDc"
                  class="com.company.teachingstudents.entity.GradeSheet">
            <view extends="_local">
                <property name="universityTeacher" view="_minimal"/>
            </view>
            <loader/>
        </instance>
    </data>
    <dialogMode height="600"
                width="800"/>
    <layout expand="editActions" spacing="true">
        <form id="form" dataContainer="gradeSheetDc">
            <column width="350px">
                <textField id="itemNameField" property="itemName"/>
                <textField id="groupField" property="group"/>
                <pickerField id="universityTeacherField" property="universityTeacher">
                    <actions>
                        <action id="lookup" type="picker_lookup"/>
                        <action id="clear" type="picker_clear"/>
                    </actions>
                </pickerField>
            </column>
        </form>
        <hbox id="editActions" spacing="true">
            <button id="commitAndCloseBtn" action="windowCommitAndClose"/>
            <button id="closeBtn" action="windowClose"/>
        </hbox>
    </layout>
</window>
