<?xml version="1.0" encoding="UTF-8" standalone="no"?>
<window xmlns="http://jmix.io/schema/ui/window"
        xmlns:c="http://jmix.io/schema/ui/jpql-condition"
        caption="msg://courseBrowse.caption"
        focusComponent="coursesTable">
    <data readOnly="true">
        <collection id="coursesDc"
                    class="com.company.jmixuniversity.entity.Course">
            <fetchPlan extends="_base">
                <property name="group" fetchPlan="_base"/>
                <property name="teacher" fetchPlan="_base"/>
                <property name="subject" fetchPlan="_base"/>
            </fetchPlan>
            <loader id="coursesDl">
                <query>
                    <![CDATA[select e from Course e]]>
                </query>
            </loader>
        </collection>
    </data>
    <facets>
        <dataLoadCoordinator auto="true"/>
        <screenSettings id="settingsFacet" auto="true"/>
    </facets>
    <actions>
        <action id="lookupSelectAction"
                caption="msg:///actions.Select"
                icon="LOOKUP_OK"
                primary="true"
                shortcut="${COMMIT_SHORTCUT}"/>
        <action id="lookupCancelAction"
                caption="msg:///actions.Cancel"
                icon="LOOKUP_CANCEL"/>
    </actions>
    <dialogMode height="600"
                width="800"/>
    <layout expand="coursesTable" spacing="true">
        <filter id="filter"
                dataLoader="coursesDl">
            <properties include=".*"/>
        </filter>
        <groupTable id="coursesTable"
                    width="100%"
                    dataContainer="coursesDc">
            <actions>
                <action id="create" type="create"/>
                <action id="edit" type="edit"/>
                <action id="remove" type="remove"/>
            </actions>
            <columns>
                <column id="hours"/>
                <column id="group"/>
                <column id="teacher"/>
                <column id="subject"/>
            </columns>
            <simplePagination/>
            <buttonsPanel id="buttonsPanel"
                          alwaysVisible="true">
                <button id="createBtn" action="coursesTable.create"/>
                <button id="editBtn" action="coursesTable.edit"/>
                <button id="removeBtn" action="coursesTable.remove"/>
            </buttonsPanel>
        </groupTable>
        <hbox id="lookupActions" spacing="true" visible="false">
            <button action="lookupSelectAction"/>
            <button action="lookupCancelAction"/>
        </hbox>
    </layout>
</window>
