<?xml version="1.0" encoding="UTF-8" standalone="no"?>
<window xmlns="http://schemas.haulmont.com/cuba/screen/window.xsd"
        caption="msg://universityTeacherEdit.caption"
        focusComponent="form"
        messagesPack="com.company.teachingstudents.web.screens.universityteacher">
    <data>
        <instance id="universityTeacherDc"
                  class="com.company.teachingstudents.entity.UniversityTeacher">
            <view extends="_local"/>
            <loader/>
        </instance>
    </data>
    <dialogMode height="600"
                width="800"/>
    <layout expand="editActions" spacing="true">
        <form id="form" dataContainer="universityTeacherDc">
            <column width="350px">
                <textField id="nameField" property="name"/>
                <textField id="phoneNumberField" property="phoneNumber"/>
                <textField id="emailField" property="email"/>
            </column>
        </form>
        <hbox id="editActions" spacing="true">
            <button id="commitAndCloseBtn" action="windowCommitAndClose"/>
            <button id="closeBtn" action="windowClose"/>
        </hbox>
    </layout>
</window>
