<?xml version="1.0" encoding="UTF-8" standalone="no"?>
<window xmlns="http://schemas.haulmont.com/cuba/screen/window.xsd"
        xmlns:c="http://schemas.haulmont.com/cuba/screen/jpql_condition.xsd"
        caption="msg://universityTeacherBrowse.caption"
        focusComponent="universityTeachersTable"
        messagesPack="com.company.teachingstudents.web.screens.universityteacher">
    <data readOnly="true">
        <collection id="universityTeachersDc"
                    class="com.company.teachingstudents.entity.UniversityTeacher">
            <view extends="_local"/>
            <loader id="universityTeachersDl">
                <query>
                    <![CDATA[select e from teachingstudents_UniversityTeacher e]]>
                </query>
            </loader>
        </collection>
    </data>
    <dialogMode height="600"
                width="800"/>
    <layout expand="universityTeachersTable"
            spacing="true">
        <filter id="filter"
                applyTo="universityTeachersTable"
                dataLoader="universityTeachersDl">
            <properties include=".*"/>
        </filter>
        <groupTable id="universityTeachersTable"
                    width="100%"
                    dataContainer="universityTeachersDc">
            <actions>
                <action id="create" type="create"/>
                <action id="edit" type="edit"/>
                <action id="remove" type="remove"/>
                <action id="add" type="add"/>
            </actions>
            <columns>
                <column id="name"/>
                <column id="phoneNumber"/>
                <column id="email"/>
            </columns>
            <rowsCount/>
            <buttonsPanel id="buttonsPanel"
                          alwaysVisible="true">
                <button id="createBtn" action="universityTeachersTable.create"/>
                <button id="editBtn" action="universityTeachersTable.edit"/>
                <button id="removeBtn" action="universityTeachersTable.remove"/>
                <button id="addBtn" action="universityTeachersTable.add"/>
            </buttonsPanel>
        </groupTable>
        <hbox id="lookupActions" spacing="true" visible="false">
            <button action="lookupSelectAction"/>
            <button action="lookupCancelAction"/>
        </hbox>
    </layout>
</window>
