<?xml version="1.0" encoding="UTF-8" standalone="no"?>
<window xmlns="http://jmix.io/schema/ui/window"
        xmlns:c="http://jmix.io/schema/ui/jpql-condition"
        caption="msg://onlineMeetingBrowse.caption"
        focusComponent="onlineMeetingsTable">
    <data readOnly="true">
        <collection id="onlineMeetingsDc"
                    class="com.company.jmixuniversity.entity.OnlineMeeting">
            <fetchPlan extends="_base">
                <property name="organizer" fetchPlan="_base"/>
                <property name="course" fetchPlan="_base"/>
                <property name="groups" fetchPlan="_base"/>
                <property name="teachers" fetchPlan="_base"/>
            </fetchPlan>
            <loader id="onlineMeetingsDl">
                <query>
                    <![CDATA[select e from OnlineMeeting e]]>
                </query>
            </loader>
        </collection>
    </data>
    <facets>
        <dataLoadCoordinator auto="true"/>
        <screenSettings id="settingsFacet" auto="true"/>
    </facets>
    <actions>
        <action id="lookupSelectAction"
                caption="msg:///actions.Select"
                icon="LOOKUP_OK"
                primary="true"
                shortcut="${COMMIT_SHORTCUT}"/>
        <action id="lookupCancelAction"
                caption="msg:///actions.Cancel"
                icon="LOOKUP_CANCEL"/>
    </actions>
    <dialogMode height="600"
                width="800"/>
    <layout expand="onlineMeetingsTable" spacing="true">
        <filter id="filter"
                dataLoader="onlineMeetingsDl">
            <properties include=".*"/>
        </filter>
        <groupTable id="onlineMeetingsTable"
                    width="100%"
                    dataContainer="onlineMeetingsDc">
            <actions>
                <action id="create" type="create"/>
                <action id="edit" type="edit"/>
                <action id="remove" type="remove"/>
            </actions>
            <columns>
                <column id="organizer"/>
                <column id="course"/>
                <column id="name"/>
                <column id="start"/>
                <column id="link"/>
            </columns>
            <simplePagination/>
            <buttonsPanel id="buttonsPanel"
                          alwaysVisible="true">
                <button id="createBtn" action="onlineMeetingsTable.create"/>
                <button id="editBtn" action="onlineMeetingsTable.edit"/>
                <button id="removeBtn" action="onlineMeetingsTable.remove"/>
            </buttonsPanel>
        </groupTable>
        <hbox id="lookupActions" spacing="true" visible="false">
            <button action="lookupSelectAction"/>
            <button action="lookupCancelAction"/>
        </hbox>
    </layout>
</window>
