<?xml version="1.0" encoding="UTF-8" standalone="no"?>
<window xmlns="http://jmix.io/schema/ui/window"
        caption="msg://onlineMeetingEdit.caption"
        focusComponent="form">
    <data>
        <instance id="onlineMeetingDc"
                  class="com.company.jmixuniversity.entity.OnlineMeeting">
            <fetchPlan extends="_base">
                <property name="organizer" fetchPlan="_base"/>
                <property name="course" fetchPlan="_base"/>
                <property name="groups" fetchPlan="_base"/>
                <property name="teachers" fetchPlan="_base"/>
            </fetchPlan>
            <loader/>
            <collection id="groupsDc" property="groups"/>
            <collection id="teachersDc" property="teachers"/>
        </instance>
    </data>
    <facets>
        <dataLoadCoordinator auto="true"/>
        <screenSettings id="settingsFacet" auto="true"/>
    </facets>
    <actions>
        <action id="windowCommitAndClose" caption="msg:///actions.Ok"
                icon="EDITOR_OK"
                primary="true"
                shortcut="${COMMIT_SHORTCUT}"/>
        <action id="windowClose"
                caption="msg:///actions.Close"
                icon="EDITOR_CANCEL"/>
    </actions>
    <dialogMode height="600"
                width="800"/>
    <layout spacing="true" expand="editActions">
        <form id="form" dataContainer="onlineMeetingDc">
            <column width="350px">
                <entityPicker id="organizerField" property="organizer">
                    <actions>
                        <action id="entityLookup" type="entity_lookup"/>
                        <action id="entityClear" type="entity_clear"/>
                    </actions>
                </entityPicker>
                <entityPicker id="courseField" property="course">
                    <actions>
                        <action id="entityLookup" type="entity_lookup"/>
                        <action id="entityClear" type="entity_clear"/>
                    </actions>
                </entityPicker>
                <dateField id="startField" property="start"/>
                <textField id="nameField" property="name"/>
                <textField id="linkField" property="link"/>
            </column>
        </form>
        <groupBox id="groupsBox" caption="msg://com.company.jmixuniversity.entity/OnlineMeeting.groups">
            <table id="groupsTable" dataContainer="groupsDc" width="100%" height="200px">
                <actions>
                    <action id="add" type="add"/>
                    <action id="exclude" type="exclude"/>
                </actions>
                <columns>
                    <column id="number"/>
                    <column id="studyYear"/>
                </columns>
                <buttonsPanel>
                    <button action="groupsTable.add"/>
                    <button action="groupsTable.exclude"/>
                </buttonsPanel>
            </table>
        </groupBox>
        <groupBox id="teachersBox" caption="msg://com.company.jmixuniversity.entity/OnlineMeeting.teachers">
            <table id="teachersTable" dataContainer="teachersDc" width="100%" height="200px">
                <actions>
                    <action id="add" type="add"/>
                    <action id="exclude" type="exclude"/>
                </actions>
                <columns>
                    <column id="lastName"/>
                    <column id="firstName"/>
                    <column id="middleName"/>
                    <column id="email"/>
                </columns>
                <buttonsPanel>
                    <button action="teachersTable.add"/>
                    <button action="teachersTable.exclude"/>
                </buttonsPanel>
            </table>
        </groupBox>
        <hbox id="editActions" spacing="true">
            <button id="commitAndCloseBtn" action="windowCommitAndClose"/>
            <button id="closeBtn" action="windowClose"/>
        </hbox>
    </layout>
</window>
