<?xml version="1.0" encoding="UTF-8" standalone="no"?>
<window xmlns="http://schemas.haulmont.com/cuba/screen/window.xsd"
        caption="msg://browseCaption"
        focusComponent="bookingsTable"
        messagesPack="com.company.hotelreserve.web.booking">
    <data readOnly="true">
        <collection id="bookingsDc"
                    class="com.company.hotelreserve.entity.Booking"
                    view="_local">
            <loader id="bookingsDl">
                <query>
                    <![CDATA[select e from hotelreserve_Booking e]]>
                </query>
            </loader>
        </collection>
    </data>
    <dialogMode height="600"
                width="800"/>
    <layout expand="bookingsTable"
            spacing="true">
        <filter id="filter"
                applyTo="bookingsTable"
                dataLoader="bookingsDl">
            <properties include=".*"/>
        </filter>
        <groupTable id="bookingsTable"
                    width="100%"
                    dataContainer="bookingsDc">
            <actions>
                <action id="create" type="create"/>
                <action id="edit" type="edit"/>
                <action id="remove" type="remove"/>
            </actions>
            <columns>
                <column id="passport_number"/>
                <column id="name"/>
                <column id="phone"/>
                <column id="email"/>
                <column id="arrival_date"/>
                <column id="night_number"/>
                <column id="room_number"/>
                <column id="state"/>
            </columns>
            <rowsCount/>
            <buttonsPanel id="buttonsPanel"
                          alwaysVisible="true">
                <button id="createBtn" action="bookingsTable.create"/>
                <button id="editBtn" action="bookingsTable.edit"/>
                <button id="removeBtn" action="bookingsTable.remove"/>
            </buttonsPanel>
        </groupTable>
        <hbox id="lookupActions" spacing="true" visible="false">
            <button action="lookupSelectAction"/>
            <button action="lookupCancelAction"/>
        </hbox>
    </layout>
</window>
