<?xml version="1.0" encoding="UTF-8" standalone="no"?>
<window xmlns="http://jmix.io/schema/ui/window"
        xmlns:c="http://jmix.io/schema/ui/jpql-condition"
        caption="msg://groupBrowse.caption"
        focusComponent="groupsTable">
    <data readOnly="true">
        <collection id="groupsDc"
                    class="com.company.jmixuniversity.entity.Group">
            <fetchPlan extends="_base">
                <property name="students" fetchPlan="_base"/>
                <property name="courses" fetchPlan="_base"/>
            </fetchPlan>
            <loader id="groupsDl">
                <query>
                    <![CDATA[select e from Group_ e]]>
                </query>
            </loader>
        </collection>
    </data>
    <facets>
        <dataLoadCoordinator auto="true"/>
        <screenSettings id="settingsFacet" auto="true"/>
    </facets>
    <actions>
        <action id="lookupSelectAction"
                caption="msg:///actions.Select"
                icon="LOOKUP_OK"
                primary="true"
                shortcut="${COMMIT_SHORTCUT}"/>
        <action id="lookupCancelAction"
                caption="msg:///actions.Cancel"
                icon="LOOKUP_CANCEL"/>
    </actions>
    <dialogMode height="600"
                width="800"/>
    <layout expand="groupsTable" spacing="true">
        <filter id="filter"
                dataLoader="groupsDl">
            <properties include=".*"/>
        </filter>
        <groupTable id="groupsTable"
                    width="100%"
                    dataContainer="groupsDc">
            <actions>
                <action id="create" type="create"/>
                <action id="edit" type="edit"/>
                <action id="remove" type="remove"/>
            </actions>
            <columns>
                <column id="studyYear"/>
                <column id="number"/>
            </columns>
            <simplePagination/>
            <buttonsPanel id="buttonsPanel"
                          alwaysVisible="true">
                <button id="createBtn" action="groupsTable.create"/>
                <button id="editBtn" action="groupsTable.edit"/>
                <button id="removeBtn" action="groupsTable.remove"/>
            </buttonsPanel>
        </groupTable>
        <hbox id="lookupActions" spacing="true" visible="false">
            <button action="lookupSelectAction"/>
            <button action="lookupCancelAction"/>
        </hbox>
    </layout>
</window>
