<?xml version="1.0" encoding="UTF-8" standalone="no"?>
<window xmlns="http://jmix.io/schema/ui/window"
        xmlns:c="http://jmix.io/schema/ui/jpql-condition"
        caption="msg://teacherBrowse.caption"
        focusComponent="teachersTable">
    <data readOnly="true">
        <collection id="teachersDc"
                    class="com.company.jmixuniversity.entity.Teacher">
            <fetchPlan extends="_base">
                <property name="courses" fetchPlan="_base"/>
            </fetchPlan>
            <loader id="teachersDl">
                <query>
                    <![CDATA[select e from Teacher e]]>
                </query>
            </loader>
        </collection>
    </data>
    <facets>
        <dataLoadCoordinator auto="true"/>
        <screenSettings id="settingsFacet" auto="true"/>
    </facets>
    <actions>
        <action id="lookupSelectAction"
                caption="msg:///actions.Select"
                icon="LOOKUP_OK"
                primary="true"
                shortcut="${COMMIT_SHORTCUT}"/>
        <action id="lookupCancelAction"
                caption="msg:///actions.Cancel"
                icon="LOOKUP_CANCEL"/>
    </actions>
    <dialogMode height="600"
                width="800"/>
    <layout expand="teachersTable" spacing="true">
        <filter id="filter"
                dataLoader="teachersDl">
            <properties include=".*"/>
        </filter>
        <groupTable id="teachersTable"
                    width="100%"
                    dataContainer="teachersDc">
            <actions>
                <action id="create" type="create"/>
                <action id="edit" type="edit"/>
                <action id="remove" type="remove"/>
            </actions>
            <columns>
                <column id="username" visible="false"/>
                <column id="lastName"/>
                <column id="firstName"/>
                <column id="middleName"/>
                <column id="email"/>
            </columns>
            <simplePagination/>
            <buttonsPanel id="buttonsPanel"
                          alwaysVisible="true">
                <button id="createBtn" action="teachersTable.create"/>
                <button id="editBtn" action="teachersTable.edit"/>
                <button id="removeBtn" action="teachersTable.remove"/>
            </buttonsPanel>
        </groupTable>
        <hbox id="lookupActions" spacing="true" visible="false">
            <button action="lookupSelectAction"/>
            <button action="lookupCancelAction"/>
        </hbox>
    </layout>
</window>
