<?xml version="1.0" encoding="UTF-8" standalone="no"?>
<window xmlns="http://jmix.io/schema/ui/window"
        caption="msg://teacherEdit.caption"
        focusComponent="form">
    <data>
        <instance id="teacherDc"
                  class="com.company.jmixuniversity.entity.Teacher">
            <fetchPlan extends="_base">
                <property name="courses" fetchPlan="_base"/>
            </fetchPlan>
            <loader/>
        </instance>
    </data>
    <facets>
        <dataLoadCoordinator auto="true"/>
        <screenSettings id="settingsFacet" auto="true"/>
    </facets>
    <actions>
        <action id="windowCommitAndClose" caption="msg:///actions.Ok"
                icon="EDITOR_OK"
                primary="true"
                shortcut="${COMMIT_SHORTCUT}"/>
        <action id="windowClose"
                caption="msg:///actions.Close"
                icon="EDITOR_CANCEL"/>
    </actions>
    <dialogMode height="600"
                width="800"/>
    <layout spacing="true" expand="editActions">
        <form id="form" dataContainer="teacherDc">
            <column width="350px">
                <textField id="usernameField" property="username" visible="false"/>
                <passwordField id="passwordField"
                               caption="msg://com.company.jmixuniversity.entity/User.password"
                               required="true"
                               visible="false"/>
                <passwordField id="confirmPasswordField"
                               caption="msg://confirmPassword"
                               required="true"
                               visible="false"/>
                <textField id="lastNameField" property="lastName"/>
                <textField id="firstNameField" property="firstName"/>
                <textField id="middleNameField" property="middleName"/>
                <textField id="emailField" property="email"/>
            </column>
        </form>
        <hbox id="editActions" spacing="true">
            <button id="commitAndCloseBtn" action="windowCommitAndClose"/>
            <button id="closeBtn" action="windowClose"/>
        </hbox>
    </layout>
</window>
